code,system
XaLsg,nonstandard
XaBYB,nonstandard
Xa7GT,nonstandard
Xa7GY,nonstandard
7L06z,nonstandard
X76p8,nonstandard
Xa7Ge,nonstandard
XaKK7,nonstandard
7L08y,nonstandard
XaBYC,nonstandard
XaBLU,nonstandard
7L063,nonstandard
7L0L2,nonstandard
XE0J8,nonstandard
14N4Z,nonstandard
7L08.,nonstandard
XE0JF,nonstandard
XaBYD,nonstandard
XaBLj,nonstandard
XM1JX,nonstandard
7L061,nonstandard
XaKK8,nonstandard
XaXfV,nonstandard
XaXhG,nonstandard
Xa7Gc,nonstandard
X6081,nonstandard
Xa7GU,nonstandard
XaBLW,nonstandard
XaBLV,nonstandard
XE0J7,nonstandard
7L062,nonstandard
Xa6om,nonstandard
Xa7GV,nonstandard
XE0JB,nonstandard
7L072,nonstandard
7L073,nonstandard
XE0JD,nonstandard
XE0JC,nonstandard
XaJhA,nonstandard
7L083,nonstandard
X6086,nonstandard
Xa9nc,nonstandard
X6085,nonstandard
X6083,nonstandard
Ub1Qq,nonstandard
Ub1Qr,nonstandard
XM1R6,nonstandard
14N4.,nonstandard
X76p7,nonstandard
Xa7Ga,nonstandard
XaBLb,nonstandard
XaBLc,nonstandard
Xa7Gd,nonstandard
X6082,nonstandard
7L081,nonstandard
Xa394,nonstandard
XE2tf,nonstandard
X607j,nonstandard
7L060,nonstandard
Xa7GS,nonstandard
XE0J5,nonstandard
XaBLT,nonstandard
XaBLi,nonstandard
Xa6on,nonstandard
Xa6oo,nonstandard
Xa7GX,nonstandard
Xa7GW,nonstandard
8D471,nonstandard
XE0J6,nonstandard
U635.,nonstandard
8D476,nonstandard
7L06.,nonstandard
7L07.,nonstandard
Xa4CT,nonstandard
Ub1Qp,nonstandard
7L080,nonstandard
X6084,nonstandard
XaE1K,nonstandard
XaE1L,nonstandard
XE0J9,nonstandard
Xa7GZ,nonstandard
XaBLY,nonstandard
XaBLX,nonstandard
7L070,nonstandard
Xa7Gb,nonstandard
Xa3r0,nonstandard
XE0JA,nonstandard
XM1JW,nonstandard
XE07v,nonstandard
14N41,nonstandard